batch_size,eval_accuracy,eval_cost
10,9629,0.2860838815455635
20,9629,0.266148058436238
50,9595,0.2937101542320362
100,9543,0.3448390839583402
