eta,eval_accuracy,eval_cost
0.5,9618,0.29384514850107
0.1,9640,0.2792038985840325
0.05,9579,0.29559482965129413
0.01,9409,0.42354790654606767
